[{"ID":"cjksibfes8ppx07044pcd4a24","Labeled Data":"https://firebasestorage.googleapis.com/v0/b/labelbox-193903.appspot.com/o/cjiq5eg9ue3g20749oeam9uw8%2Fb217a2cf-0e9b-4ea1-913f-d91034576777%2Fframe4970.jpg?alt=media&token=7a2165ae-7517-4a23-9f34-1a4cf308e239","Label":{"Blue Line":[{"side":"right","geometry":{"x":272,"y":432}}],"Neutral Faceoff Dot":[{"side":["right","top"],"geometry":{"x":186,"y":333}}],"Zone Faceoff Dot":[{"side":["right","top"],"geometry":{"x":1056,"y":375}}],"Goal Line":[{"side":"right","geometry":{"x":1246,"y":470}}],"Inner Hash Mark":[{"side":["hash-left","top","right"],"geometry":{"x":1118,"y":296}},{"side":["top","right","hash-right"],"geometry":{"x":1236,"y":301}},{"side":["hash-left","bottom","right"],"geometry":{"x":1269,"y":197}}],"side of ice":"right"},"Created By":"groveh@rpi.edu","Project Name":"Reference Points","Created At":"2018-08-13T16:43:04.000Z","Seconds to Label":110.652,"External ID":"frame4970.jpg","Agreement":null,"Dataset Name":"Chances","Reviews":[]},{"ID":"cjksieq0o7py90784u8dg2eld","Labeled Data":"https://firebasestorage.googleapis.com/v0/b/labelbox-193903.appspot.com/o/cjiq5eg9ue3g20749oeam9uw8%2Fb217a2cf-0e9b-4ea1-913f-d91034576777%2Fframe4940.jpg?alt=media&token=3255d523-7b6a-403a-809b-f3aff015b296","Label":{"Zone Faceoff Dot":[{"side":["right","top"],"geometry":{"x":838,"y":367}}],"Blue Line":[{"side":"right","geometry":{"x":0,"y":410}}],"Goal Line":[{"side":"right","geometry":{"x":1020,"y":467}}],"Inner Hash Mark":[{"side":["hash-left","right","bottom"],"geometry":{"x":1049,"y":189}},{"side":["hash-right","bottom","right"],"geometry":{"x":1181,"y":200}},{"side":["hash-right","top","right"],"geometry":{"x":1015,"y":296}},{"side":["right","top","hash-left"],"geometry":{"x":901,"y":287}}],"side of ice":"right"},"Created By":"groveh@rpi.edu","Project Name":"Reference Points","Created At":"2018-08-13T16:45:38.000Z","Seconds to Label":153.748,"External ID":"frame4940.jpg","Agreement":null,"Dataset Name":"Chances","Reviews":[]},{"ID":"cjksikh728tet07046fb5lxnv","Labeled Data":"https://firebasestorage.googleapis.com/v0/b/labelbox-193903.appspot.com/o/cjiq5eg9ue3g20749oeam9uw8%2Fb217a2cf-0e9b-4ea1-913f-d91034576777%2Fframe4910.jpg?alt=media&token=ddf2b39d-fcce-4892-9457-f929595858c7","Label":{"Goal Post":[{"side":["right","top"],"geometry":{"x":1153,"y":312}}],"Zone Faceoff Dot":[{"side":["top","right"],"geometry":{"x":605,"y":365}},{"side":["right","bottom"],"geometry":{"x":1077,"y":85}}],"Goal Line":[{"side":"right","geometry":{"x":782,"y":468}}],"Inner Hash Mark":[{"side":["top","right","hash-right"],"geometry":{"x":782,"y":300}},{"side":["hash-left","top","right"],"geometry":{"x":668,"y":287}},{"side":["hash-left","bottom","right"],"geometry":{"x":814,"y":195}},{"side":["hash-right","right","bottom"],"geometry":{"x":939,"y":209}}],"side of ice":"right"},"Created By":"groveh@rpi.edu","Project Name":"Reference Points","Created At":"2018-08-13T16:50:06.000Z","Seconds to Label":23.122,"External ID":"frame4910.jpg","Agreement":null,"Dataset Name":"Chances","Reviews":[]},{"ID":"cjksimvpv7st8078444dm2cdx","Labeled Data":"https://firebasestorage.googleapis.com/v0/b/labelbox-193903.appspot.com/o/cjiq5eg9ue3g20749oeam9uw8%2Fb217a2cf-0e9b-4ea1-913f-d91034576777%2Fframe4880.jpg?alt=media&token=6e6c86bd-c310-4915-8572-43abd4a99cc6","Label":{"Goal Line":[{"side":"right","geometry":{"x":566,"y":468}}],"Goal Post":[{"side":["right","top"],"geometry":{"x":941,"y":314}},{"side":["right","bottom"],"geometry":{"x":1022,"y":282}}],"Zone Faceoff Dot":[{"side":["right","bottom"],"geometry":{"x":873,"y":83}},{"side":["right","top"],"geometry":{"x":383,"y":358}}],"Inner Hash Mark":[{"side":["bottom","hash-right","right"],"geometry":{"x":733,"y":206}},{"side":["hash-left","bottom","right"],"geometry":{"x":607,"y":187}},{"side":["hash-left","top","right"],"geometry":{"x":452,"y":278}}],"side of ice":"right"},"Created By":"groveh@rpi.edu","Project Name":"Reference Points","Created At":"2018-08-13T16:51:58.000Z","Seconds to Label":68.371,"External ID":"frame4880.jpg","Agreement":null,"Dataset Name":"Chances","Reviews":[]},{"ID":"cjksiog3t7tcu0784agh6unoc","Labeled Data":"https://firebasestorage.googleapis.com/v0/b/labelbox-193903.appspot.com/o/cjiq5eg9ue3g20749oeam9uw8%2Fb217a2cf-0e9b-4ea1-913f-d91034576777%2Fframe4850.jpg?alt=media&token=ec22cd45-6b37-4a14-8255-7dd584def5a0","Label":{"Goal Line":[{"side":"right","geometry":{"x":358,"y":464}}],"Goal Post":[{"side":["top","right"],"geometry":{"x":757,"y":307}},{"side":["bottom","right"],"geometry":{"x":841,"y":275}}],"Zone Faceoff Dot":[{"side":["right","top"],"geometry":{"x":161,"y":342}},{"side":["right","bottom"],"geometry":{"x":689,"y":63}}],"Inner Hash Mark":[{"side":["hash-right","bottom","right"],"geometry":{"x":543,"y":189}},{"side":["hash-left","bottom","right"],"geometry":{"x":406,"y":164}},{"side":["hash-left","top","right"],"geometry":{"x":238,"y":259}},{"side":["hash-right","top","right"],"geometry":{"x":365,"y":278}}],"side of ice":"right"},"Created By":"groveh@rpi.edu","Project Name":"Reference Points","Created At":"2018-08-13T16:53:11.000Z","Seconds to Label":64.376,"External ID":"frame4850.jpg","Agreement":null,"Dataset Name":"Chances","Reviews":[]},{"ID":"cjksipq2p8vfh0704aark22i9","Labeled Data":"https://firebasestorage.googleapis.com/v0/b/labelbox-193903.appspot.com/o/cjiq5eg9ue3g20749oeam9uw8%2Fb217a2cf-0e9b-4ea1-913f-d91034576777%2Fframe4820.jpg?alt=media&token=9df6ff11-4edc-4b62-aa1e-559bde258eb4","Label":{"Goal Post":[{"side":["right","top"],"geometry":{"x":674,"y":303}},{"side":["right","bottom"],"geometry":{"x":758,"y":271}}],"Zone Faceoff Dot":[{"side":["right","bottom"],"geometry":{"x":608,"y":55}},{"side":["right","top"],"geometry":{"x":63,"y":334}}],"Goal Line":[{"side":"right","geometry":{"x":267,"y":459}}],"Inner Hash Mark":[{"side":["hash-left","bottom","right"],"geometry":{"x":320,"y":155}},{"side":["bottom","hash-right","right"],"geometry":{"x":458,"y":181}},{"side":["hash-left","top","right"],"geometry":{"x":148,"y":250}},{"side":["hash-right","top","right"],"geometry":{"x":275,"y":270}}],"side of ice":"right"},"Created By":"groveh@rpi.edu","Project Name":"Reference Points","Created At":"2018-08-13T16:54:11.000Z","Seconds to Label":59.488,"External ID":"frame4820.jpg","Agreement":null,"Dataset Name":"Chances","Reviews":[]},{"ID":"cjksiqw908vtp0704335gxbwe","Labeled Data":"https://firebasestorage.googleapis.com/v0/b/labelbox-193903.appspot.com/o/cjiq5eg9ue3g20749oeam9uw8%2Fb217a2cf-0e9b-4ea1-913f-d91034576777%2Fframe4790.jpg?alt=media&token=d26ae8e0-08fa-4f87-8bd9-0d2e0db17ecd","Label":{"Zone Faceoff Dot":[{"side":["right","top"],"geometry":{"x":30,"y":334}},{"side":["right","bottom"],"geometry":{"x":581,"y":57}}],"Goal Line":[{"side":"right","geometry":{"x":234,"y":460}}],"Goal Post":[{"side":["top","right"],"geometry":{"x":644,"y":306}},{"side":["bottom","right"],"geometry":{"x":727,"y":274}}],"Inner Hash Mark":[{"side":["hash-right","right","top"],"geometry":{"x":245,"y":271}},{"side":["hash-left","top","right"],"geometry":{"x":114,"y":250}},{"side":["hash-left","bottom","right"],"geometry":{"x":290,"y":157}},{"side":["hash-right","bottom","right"],"geometry":{"x":428,"y":183}}],"side of ice":"right"},"Created By":"groveh@rpi.edu","Project Name":"Reference Points","Created At":"2018-08-13T16:55:06.000Z","Seconds to Label":54.725,"External ID":"frame4790.jpg","Agreement":null,"Dataset Name":"Chances","Reviews":[]},{"ID":"cjksisrc07v0u07840bugcwez","Labeled Data":"https://firebasestorage.googleapis.com/v0/b/labelbox-193903.appspot.com/o/cjiq5eg9ue3g20749oeam9uw8%2Fb217a2cf-0e9b-4ea1-913f-d91034576777%2Fframe4760.jpg?alt=media&token=7c5a6945-cd8f-4f2f-8c60-1aa1473fba4b","Label":{"Goal Post":[{"side":["top","right"],"geometry":{"x":903,"y":303}},{"side":["bottom","right"],"geometry":{"x":988,"y":268}}],"Zone Faceoff Dot":[{"side":["right","bottom"],"geometry":{"x":837,"y":53}},{"side":["top","right"],"geometry":{"x":307,"y":345}}],"Goal Line":[{"side":"right","geometry":{"x":498,"y":464}}],"Inner Hash Mark":[{"side":["hash-left","bottom","right"],"geometry":{"x":550,"y":163}},{"side":["hash-right","bottom","right"],"geometry":{"x":685,"y":185}},{"side":["hash-right","top","right"],"geometry":{"x":506,"y":277}},{"side":["hash-left","top","right"],"geometry":{"x":384,"y":260}}],"side of ice":"right"},"Created By":"groveh@rpi.edu","Project Name":"Reference Points","Created At":"2018-08-13T16:56:32.000Z","Seconds to Label":86.973,"External ID":"frame4760.jpg","Agreement":null,"Dataset Name":"Chances","Reviews":[]},{"ID":"cjksitqqm7vem0784ckso8wf6","Labeled Data":"https://firebasestorage.googleapis.com/v0/b/labelbox-193903.appspot.com/o/cjiq5eg9ue3g20749oeam9uw8%2Fb217a2cf-0e9b-4ea1-913f-d91034576777%2Fframe4730.jpg?alt=media&token=f8f39116-7fdd-47fa-89e5-938d51be3061","Label":{"Goal Line":[{"side":"right","geometry":{"x":682,"y":456}}],"Zone Faceoff Dot":[{"side":["top","right"],"geometry":{"x":491,"y":341}},{"side":["bottom","right"],"geometry":{"x":1011,"y":44}}],"Goal Post":[{"side":["bottom","right"],"geometry":{"x":1172,"y":253}}],"Inner Hash Mark":[{"side":["hash-left","bottom","right"],"geometry":{"x":724,"y":159}},{"side":["hash-right","bottom","right"],"geometry":{"x":859,"y":177}},{"side":["hash-right","top","right"],"geometry":{"x":688,"y":272}},{"side":["hash-left","top","right"],"geometry":{"x":564,"y":258}}],"side of ice":"right"},"Created By":"groveh@rpi.edu","Project Name":"Reference Points","Created At":"2018-08-13T16:57:18.000Z","Seconds to Label":45.857,"External ID":"frame4730.jpg","Agreement":null,"Dataset Name":"Chances","Reviews":[]},{"ID":"cjksj2s0r7z7i0784wz5aada2","Labeled Data":"https://firebasestorage.googleapis.com/v0/b/labelbox-193903.appspot.com/o/cjiq5eg9ue3g20749oeam9uw8%2Fb217a2cf-0e9b-4ea1-913f-d91034576777%2Fframe4700.jpg?alt=media&token=1fe1d5f7-10cf-4c02-b05c-4d472dd25f4f","Label":{"Zone Faceoff Dot":[{"side":["top","right"],"geometry":{"x":572,"y":335}},{"side":["bottom","right"],"geometry":{"x":1088,"y":34}}],"Goal Post":[{"side":["bottom","right"],"geometry":{"x":1252,"y":242}}],"Goal Line":[{"side":"right","geometry":{"x":762,"y":447}}],"Inner Hash Mark":[{"side":["hash-right","bottom","right"],"geometry":{"x":935,"y":169}},{"side":["hash-left","bottom","right"],"geometry":{"x":801,"y":152}},{"side":["hash-right","top","right"],"geometry":{"x":763,"y":266}},{"side":["hash-left","top","right"],"geometry":{"x":641,"y":252}}],"side of ice":"right"},"Created By":"groveh@rpi.edu","Project Name":"Reference Points","Created At":"2018-08-13T17:04:20.000Z","Seconds to Label":46.987,"External ID":"frame4700.jpg","Agreement":null,"Dataset Name":"Chances","Reviews":[]},{"ID":"cjksj433l7zif0784ciw9b901","Labeled Data":"https://firebasestorage.googleapis.com/v0/b/labelbox-193903.appspot.com/o/cjiq5eg9ue3g20749oeam9uw8%2Fb217a2cf-0e9b-4ea1-913f-d91034576777%2Fframe4670.jpg?alt=media&token=64d9d668-822b-46bc-98e4-ac0aa891ac56","Label":{"Zone Faceoff Dot":[{"side":["bottom","right"],"geometry":{"x":919,"y":53}},{"side":["right","top"],"geometry":{"x":425,"y":330}}],"Goal Post":[{"side":["right","bottom"],"geometry":{"x":1067,"y":253}}],"Goal Line":[{"side":"right","geometry":{"x":609,"y":441}}],"Inner Hash Mark":[{"side":["hash-right","bottom","right"],"geometry":{"x":774,"y":177}},{"side":["hash-left","bottom","right"],"geometry":{"x":647,"y":158}},{"side":["hash-right","top","right"],"geometry":{"x":609,"y":265}}],"side of ice":"right"},"Created By":"groveh@rpi.edu","Project Name":"Reference Points","Created At":"2018-08-13T17:05:21.000Z","Seconds to Label":61.004,"External ID":"frame4670.jpg","Agreement":null,"Dataset Name":"Chances","Reviews":[]},{"ID":"cjksj68ga804v078450u8aald","Labeled Data":"https://firebasestorage.googleapis.com/v0/b/labelbox-193903.appspot.com/o/cjiq5eg9ue3g20749oeam9uw8%2Fb217a2cf-0e9b-4ea1-913f-d91034576777%2Fframe4640.jpg?alt=media&token=c8790fda-61b9-4589-85cf-276f9ea67e57","Label":{"Zone Faceoff Dot":[{"side":["top","right"],"geometry":{"x":251,"y":326}},{"side":["bottom","right"],"geometry":{"x":744,"y":60}}],"Goal Post":[{"side":["bottom","right"],"geometry":{"x":887,"y":260}}],"Goal Line":[{"side":"right","geometry":{"x":434,"y":439}}],"Inner Hash Mark":[{"side":["hash-left","bottom","right"],"geometry":{"x":479,"y":159}},{"side":["hash-right","bottom","right"],"geometry":{"x":603,"y":180}},{"side":["hash-right","top","right"],"geometry":{"x":441,"y":266}}],"side of ice":"right"},"Created By":"groveh@rpi.edu","Project Name":"Reference Points","Created At":"2018-08-13T17:07:01.000Z","Seconds to Label":100.256,"External ID":"frame4640.jpg","Agreement":null,"Dataset Name":"Chances","Reviews":[]},{"ID":"cjksj7co892o20704whcifhqz","Labeled Data":"https://firebasestorage.googleapis.com/v0/b/labelbox-193903.appspot.com/o/cjiq5eg9ue3g20749oeam9uw8%2Fb217a2cf-0e9b-4ea1-913f-d91034576777%2Fframe4610.jpg?alt=media&token=b92e043b-067b-4dba-a07a-c33f6c20ef32","Label":{"Goal Line":[{"side":"right","geometry":{"x":321,"y":439}}],"Goal Post":[{"side":["bottom","right"],"geometry":{"x":777,"y":264}}],"Zone Faceoff Dot":[{"side":["right","bottom"],"geometry":{"x":639,"y":62}},{"side":["top","right"],"geometry":{"x":143,"y":323}}],"Inner Hash Mark":[{"side":["hash-right","bottom","right"],"geometry":{"x":496,"y":180}},{"side":["hash-left","bottom","right"],"geometry":{"x":370,"y":157}},{"side":["top","hash-left","right"],"geometry":{"x":208,"y":245}}],"side of ice":"right"},"Created By":"groveh@rpi.edu","Project Name":"Reference Points","Created At":"2018-08-13T17:07:53.000Z","Seconds to Label":52.175,"External ID":"frame4610.jpg","Agreement":null,"Dataset Name":"Chances","Reviews":[]},{"ID":"cjksj8f7y80t307847vuh880e","Labeled Data":"https://firebasestorage.googleapis.com/v0/b/labelbox-193903.appspot.com/o/cjiq5eg9ue3g20749oeam9uw8%2Fb217a2cf-0e9b-4ea1-913f-d91034576777%2Fframe4580.jpg?alt=media&token=a1c85041-aa2b-4412-a4d6-b578bd7fe369","Label":{"Goal Line":[{"side":"right","geometry":{"x":305,"y":444}}],"Zone Faceoff Dot":[{"side":["right","top"],"geometry":{"x":119,"y":327}},{"side":["bottom","right"],"geometry":{"x":622,"y":68}}],"Goal Post":[{"side":["bottom","right"],"geometry":{"x":763,"y":269}}],"Inner Hash Mark":[{"side":["hash-right","bottom","right"],"geometry":{"x":482,"y":185}},{"side":["hash-left","bottom","right"],"geometry":{"x":355,"y":162}},{"side":["hash-left","top","right"],"geometry":{"x":192,"y":249}},{"side":["hash-right","top","right"],"geometry":{"x":314,"y":268}}],"side of ice":"right"},"Created By":"groveh@rpi.edu","Project Name":"Reference Points","Created At":"2018-08-13T17:08:43.000Z","Seconds to Label":49.868,"External ID":"frame4580.jpg","Agreement":null,"Dataset Name":"Chances","Reviews":[]},{"ID":"cjksjb98393xu0704ihzkldg0","Labeled Data":"https://firebasestorage.googleapis.com/v0/b/labelbox-193903.appspot.com/o/cjiq5eg9ue3g20749oeam9uw8%2Fb217a2cf-0e9b-4ea1-913f-d91034576777%2Fframe4550.jpg?alt=media&token=8e5e2579-f877-4771-ae73-a6ae162de516","Label":{"Goal Line":[{"side":"right","geometry":{"x":323,"y":457}}],"Zone Faceoff Dot":[{"side":["right","top"],"geometry":{"x":140,"y":343}},{"side":["right","bottom"],"geometry":{"x":636,"y":87}}],"Goal Post":[{"side":["bottom","right"],"geometry":{"x":773,"y":285}}],"Inner Hash Mark":[{"side":["hash-right","bottom","right"],"geometry":{"x":497,"y":203}},{"side":["hash-left","bottom","right"],"geometry":{"x":370,"y":179}},{"side":["hash-left","top","right"],"geometry":{"x":212,"y":266}},{"side":["hash-right","top","right"],"geometry":{"x":333,"y":284}}],"side of ice":"right"},"Created By":"groveh@rpi.edu","Project Name":"Reference Points","Created At":"2018-08-13T17:10:55.000Z","Seconds to Label":132.181,"External ID":"frame4550.jpg","Agreement":null,"Dataset Name":"Chances","Reviews":[]},{"ID":"cjksjccsb949g07043cp02thf","Labeled Data":"https://firebasestorage.googleapis.com/v0/b/labelbox-193903.appspot.com/o/cjiq5eg9ue3g20749oeam9uw8%2Fb217a2cf-0e9b-4ea1-913f-d91034576777%2Fframe4520.jpg?alt=media&token=a243901e-90fc-46ae-b2c5-7ba5bf27f76f","Label":{"Zone Faceoff Dot":[{"side":["right","top"],"geometry":{"x":122,"y":344}},{"side":["bottom","right"],"geometry":{"x":616,"y":90}}],"Goal Post":[{"side":["bottom","right"],"geometry":{"x":753,"y":287}},{"side":["top","right"],"geometry":{"x":676,"y":317}}],"Goal Line":[{"side":"right","geometry":{"x":305,"y":458}}],"Inner Hash Mark":[{"side":["hash-right","bottom","right"],"geometry":{"x":478,"y":205}},{"side":["hash-left","bottom","right"],"geometry":{"x":352,"y":182}},{"side":["hash-left","top","right"],"geometry":{"x":195,"y":268}},{"side":["hash-right","top","right"],"geometry":{"x":314,"y":286}}],"side of ice":"right"},"Created By":"groveh@rpi.edu","Project Name":"Reference Points","Created At":"2018-08-13T17:11:47.000Z","Seconds to Label":51.161,"External ID":"frame4520.jpg","Agreement":null,"Dataset Name":"Chances","Reviews":[]},{"ID":"cjksjddyv82fl0784gts3ry0k","Labeled Data":"https://firebasestorage.googleapis.com/v0/b/labelbox-193903.appspot.com/o/cjiq5eg9ue3g20749oeam9uw8%2Fb217a2cf-0e9b-4ea1-913f-d91034576777%2Fframe4490.jpg?alt=media&token=b779a098-68ee-418e-8fbb-0ab869a37858","Label":{"Goal Line":[{"side":"right","geometry":{"x":267,"y":458}}],"Zone Faceoff Dot":[{"side":["top","right"],"geometry":{"x":82,"y":343}},{"side":["bottom","right"],"geometry":{"x":581,"y":90}}],"Goal Post":[{"side":["bottom","right"],"geometry":{"x":717,"y":288}},{"side":["right","top"],"geometry":{"x":640,"y":317}}],"Inner Hash Mark":[{"side":["bottom","right","hash-left"],"geometry":{"x":317,"y":180}},{"side":["hash-right","bottom","right"],"geometry":{"x":442,"y":205}},{"side":["hash-left","right","top"],"geometry":{"x":157,"y":265}},{"side":["hash-right","top","right"],"geometry":{"x":277,"y":285}}],"side of ice":"right"},"Created By":"groveh@rpi.edu","Project Name":"Reference Points","Created At":"2018-08-13T17:12:35.000Z","Seconds to Label":48.227,"External ID":"frame4490.jpg","Agreement":null,"Dataset Name":"Chances","Reviews":[]},{"ID":"cjksjeqm882vc0784mzp0suvf","Labeled Data":"https://firebasestorage.googleapis.com/v0/b/labelbox-193903.appspot.com/o/cjiq5eg9ue3g20749oeam9uw8%2Fb217a2cf-0e9b-4ea1-913f-d91034576777%2Fframe4460.jpg?alt=media&token=a3d1789d-7356-458a-99c6-ed7f5b11502d","Label":{"Goal Line":[{"side":"right","geometry":{"x":256,"y":457}}],"Zone Faceoff Dot":[{"side":["right","top"],"geometry":{"x":71,"y":342}},{"side":["bottom","right"],"geometry":{"x":571,"y":90}}],"Goal Post":[{"side":["bottom","right"],"geometry":{"x":707,"y":288}},{"side":["top","right"],"geometry":{"x":630,"y":317}}],"Inner Hash Mark":[{"side":["hash-left","bottom","right"],"geometry":{"x":307,"y":180}},{"side":["hash-right","bottom","right"],"geometry":{"x":432,"y":204}},{"side":["hash-left","top","right"],"geometry":{"x":266,"y":285}},{"side":["hash-left","top","right"],"geometry":{"x":146,"y":265}}],"side of ice":"right"},"Created By":"groveh@rpi.edu","Project Name":"Reference Points","Created At":"2018-08-13T17:13:38.000Z","Seconds to Label":62.883,"External ID":"frame4460.jpg","Agreement":null,"Dataset Name":"Chances","Reviews":[]},{"ID":"cjksjfqas95bd0704t69fef52","Labeled Data":"https://firebasestorage.googleapis.com/v0/b/labelbox-193903.appspot.com/o/cjiq5eg9ue3g20749oeam9uw8%2Fb217a2cf-0e9b-4ea1-913f-d91034576777%2Fframe4430.jpg?alt=media&token=3c2e00fe-2215-485f-bb4d-ae834e9aff63","Label":{"Goal Line":[{"side":"right","geometry":{"x":258,"y":457}}],"Zone Faceoff Dot":[{"side":["top","right"],"geometry":{"x":72,"y":342}},{"side":["right","bottom"],"geometry":{"x":572,"y":89}}],"Goal Post":[{"side":["bottom","right"],"geometry":{"x":708,"y":288}},{"side":["top","right"],"geometry":{"x":631,"y":317}}],"Inner Hash Mark":[{"side":["hash-right","top","right"],"geometry":{"x":266,"y":285}},{"side":["hash-left","top","right"],"geometry":{"x":146,"y":265}},{"side":["hash-left","bottom","right"],"geometry":{"x":309,"y":180}},{"side":["hash-right","bottom","right"],"geometry":{"x":433,"y":204}}],"side of ice":"right"},"Created By":"groveh@rpi.edu","Project Name":"Reference Points","Created At":"2018-08-13T17:14:24.000Z","Seconds to Label":46.425,"External ID":"frame4430.jpg","Agreement":null,"Dataset Name":"Chances","Reviews":[]},{"ID":"cjksjgu8u95hu0704ms06nwj8","Labeled Data":"https://firebasestorage.googleapis.com/v0/b/labelbox-193903.appspot.com/o/cjiq5eg9ue3g20749oeam9uw8%2Fb217a2cf-0e9b-4ea1-913f-d91034576777%2Fframe4400.jpg?alt=media&token=da347720-f490-4c2b-a01c-bce8ae1b230c","Label":{"Goal Line":[{"side":"right","geometry":{"x":264,"y":457}}],"Zone Faceoff Dot":[{"side":["top","right"],"geometry":{"x":80,"y":342}},{"side":["right","bottom"],"geometry":{"x":580,"y":90}}],"Goal Post":[{"side":["bottom","right"],"geometry":{"x":715,"y":288}},{"side":["top","right"],"geometry":{"x":638,"y":316}}],"side of ice":"right"},"Created By":"groveh@rpi.edu","Project Name":"Reference Points","Created At":"2018-08-13T17:15:16.000Z","Seconds to Label":51.683,"External ID":"frame4400.jpg","Agreement":null,"Dataset Name":"Chances","Reviews":[]},{"ID":"cjksjhsni83gh07842qpkz49s","Labeled Data":"https://firebasestorage.googleapis.com/v0/b/labelbox-193903.appspot.com/o/cjiq5eg9ue3g20749oeam9uw8%2Fb217a2cf-0e9b-4ea1-913f-d91034576777%2Fframe4370.jpg?alt=media&token=4dd2c797-1ff0-4641-8a0a-9f555dcce0b1","Label":{"Goal Line":[{"side":"right","geometry":{"x":268,"y":457}}],"Zone Faceoff Dot":[{"side":["right","top"],"geometry":{"x":84,"y":342}},{"side":["bottom","right"],"geometry":{"x":582,"y":90}}],"Goal Post":[{"side":["top","right"],"geometry":{"x":641,"y":316}}],"side of ice":"right"},"Created By":"groveh@rpi.edu","Project Name":"Reference Points","Created At":"2018-08-13T17:16:01.000Z","Seconds to Label":44.611,"External ID":"frame4370.jpg","Agreement":null,"Dataset Name":"Chances","Reviews":[]},{"ID":"cjksjjl3q968o0704zxpnop6b","Labeled Data":"https://firebasestorage.googleapis.com/v0/b/labelbox-193903.appspot.com/o/cjiq5eg9ue3g20749oeam9uw8%2Fb217a2cf-0e9b-4ea1-913f-d91034576777%2Fframe4340.jpg?alt=media&token=2772ab09-557c-48a8-8656-80a16783e3e6","Label":{"Goal Line":[{"side":"right","geometry":{"x":269,"y":457}}],"Goal Post":[{"side":["bottom","right"],"geometry":{"x":720,"y":288}},{"side":["top","right"],"geometry":{"x":643,"y":317}}],"Zone Faceoff Dot":[{"side":["bottom","right"],"geometry":{"x":583,"y":89}}],"side of ice":"right"},"Created By":"groveh@rpi.edu","Project Name":"Reference Points","Created At":"2018-08-13T17:17:24.000Z","Seconds to Label":83.421,"External ID":"frame4340.jpg","Agreement":null,"Dataset Name":"Chances","Reviews":[]},{"ID":"cjksjkmvp96in0704oyb1gxi6","Labeled Data":"https://firebasestorage.googleapis.com/v0/b/labelbox-193903.appspot.com/o/cjiq5eg9ue3g20749oeam9uw8%2Fb217a2cf-0e9b-4ea1-913f-d91034576777%2Fframe4310.jpg?alt=media&token=34f0bd3b-a5d8-4915-9060-9667c9174df6","Label":{"Goal Line":[{"side":"right","geometry":{"x":269,"y":457}}],"Zone Faceoff Dot":[{"side":["right","top"],"geometry":{"x":84,"y":341}},{"side":["bottom","right"],"geometry":{"x":583,"y":90}}],"Goal Post":[{"side":["bottom","right"],"geometry":{"x":719,"y":288}}],"side of ice":"right"},"Created By":"groveh@rpi.edu","Project Name":"Reference Points","Created At":"2018-08-13T17:18:13.000Z","Seconds to Label":48.942,"External ID":"frame4310.jpg","Agreement":null,"Dataset Name":"Chances","Reviews":[]},{"ID":"cjksjlrkc96t70704ke9st0rq","Labeled Data":"https://firebasestorage.googleapis.com/v0/b/labelbox-193903.appspot.com/o/cjiq5eg9ue3g20749oeam9uw8%2Fb217a2cf-0e9b-4ea1-913f-d91034576777%2Fframe4280.jpg?alt=media&token=c85e08e1-add1-4719-b042-ca47baf6dbae","Label":{"Blue Line":[{"side":"right","geometry":{"x":120,"y":436}}],"Goal Line":[{"side":"right","geometry":{"x":1054,"y":494}}],"Zone Faceoff Dot":[{"side":["top","right"],"geometry":{"x":882,"y":399}}],"Neutral Faceoff Dot":[{"side":["top","right"],"geometry":{"x":36,"y":337}}],"side of ice":"right"},"Created By":"groveh@rpi.edu","Project Name":"Reference Points","Created At":"2018-08-13T17:19:06.000Z","Seconds to Label":52.754,"External ID":"frame4280.jpg","Agreement":null,"Dataset Name":"Chances","Reviews":[]},{"ID":"cjksjmsnw84o40784ghp3p9wh","Labeled Data":"https://firebasestorage.googleapis.com/v0/b/labelbox-193903.appspot.com/o/cjiq5eg9ue3g20749oeam9uw8%2Fb217a2cf-0e9b-4ea1-913f-d91034576777%2Fframe4250.jpg?alt=media&token=2eef70fc-63e7-41c2-89a0-97ba0f79aad9","Label":{"Zone Faceoff Dot":[{"side":["bottom","right"],"geometry":{"x":1091,"y":146}}],"Goal Line":[{"side":"right","geometry":{"x":813,"y":490}}],"Goal Post":[{"side":["right","top"],"geometry":{"x":1157,"y":351}},{"side":["bottom","right"],"geometry":{"x":1233,"y":321}}],"side of ice":"right"},"Created By":"groveh@rpi.edu","Project Name":"Reference Points","Created At":"2018-08-13T17:19:54.000Z","Seconds to Label":48.161,"External ID":"frame4250.jpg","Agreement":null,"Dataset Name":"Chances","Reviews":[]},{"ID":"cjksjo0g797gl0704uv6u2zux","Labeled Data":"https://firebasestorage.googleapis.com/v0/b/labelbox-193903.appspot.com/o/cjiq5eg9ue3g20749oeam9uw8%2Fb217a2cf-0e9b-4ea1-913f-d91034576777%2Fframe4220.jpg?alt=media&token=ed049be8-e4e7-4f27-b190-729e3dd84c29","Label":{"Goal Line":[{"side":"right","geometry":{"x":642,"y":483}}],"Zone Faceoff Dot":[{"side":["right","top"],"geometry":{"x":483,"y":385}},{"side":["bottom","right"],"geometry":{"x":919,"y":148}}],"Goal Post":[{"side":["bottom","right"],"geometry":{"x":1049,"y":323}},{"side":["top","right"],"geometry":{"x":977,"y":352}}],"Inner Hash Mark":[{"side":["hash-left","bottom","right"],"geometry":{"x":682,"y":238}},{"side":["hash-right","bottom","right"],"geometry":{"x":793,"y":255}},{"side":["top","right","hash-right"],"geometry":{"x":649,"y":331}},{"side":["hash-left","top","right"],"geometry":{"x":547,"y":318}}],"side of ice":"right"},"Created By":"groveh@rpi.edu","Project Name":"Reference Points","Created At":"2018-08-13T17:20:51.000Z","Seconds to Label":56.658,"External ID":"frame4220.jpg","Agreement":null,"Dataset Name":"Chances","Reviews":[]},{"ID":"cjksjpbpx97xv0704fhljddq7","Labeled Data":"https://firebasestorage.googleapis.com/v0/b/labelbox-193903.appspot.com/o/cjiq5eg9ue3g20749oeam9uw8%2Fb217a2cf-0e9b-4ea1-913f-d91034576777%2Fframe4190.jpg?alt=media&token=7761ce4b-8ba5-42ed-b7e2-cd5800e286ee","Label":{"Zone Faceoff Dot":[{"side":["right","top"],"geometry":{"x":371,"y":374}},{"side":["bottom","right"],"geometry":{"x":809,"y":143}}],"Goal Line":[{"side":"right","geometry":{"x":530,"y":473}}],"Goal Post":[{"side":["right","bottom"],"geometry":{"x":934,"y":318}}],"side of ice":"right"},"Created By":"groveh@rpi.edu","Project Name":"Reference Points","Created At":"2018-08-13T17:21:52.000Z","Seconds to Label":61.282,"External ID":"frame4190.jpg","Agreement":null,"Dataset Name":"Chances","Reviews":[]},{"ID":"cjksjsor5867707844nq7soji","Labeled Data":"https://firebasestorage.googleapis.com/v0/b/labelbox-193903.appspot.com/o/cjiq5eg9ue3g20749oeam9uw8%2Fb217a2cf-0e9b-4ea1-913f-d91034576777%2Fframe4160.jpg?alt=media&token=017d3e69-866f-4df9-b0fb-ff378837880a","Label":{"Zone Faceoff Dot":[{"side":["right","top"],"geometry":{"x":295,"y":363}},{"side":["bottom","right"],"geometry":{"x":736,"y":135}}],"Goal Post":[{"side":["bottom","right"],"geometry":{"x":857,"y":311}}],"Goal Line":[{"side":"right","geometry":{"x":454,"y":463}}],"side of ice":"right"},"Created By":"groveh@rpi.edu","Project Name":"Reference Points","Created At":"2018-08-13T17:24:29.000Z","Seconds to Label":43.366,"External ID":"frame4160.jpg","Agreement":null,"Dataset Name":"Chances","Reviews":[]},{"ID":"cjksjtvug98xv0704zqdz5wjg","Labeled Data":"https://firebasestorage.googleapis.com/v0/b/labelbox-193903.appspot.com/o/cjiq5eg9ue3g20749oeam9uw8%2Fb217a2cf-0e9b-4ea1-913f-d91034576777%2Fframe4130.jpg?alt=media&token=e57f65b0-5c8f-42a4-b31a-01fa9f2f74d8","Label":{"Goal Line":[{"side":"right","geometry":{"x":439,"y":451}}],"Zone Faceoff Dot":[{"side":["right","top"],"geometry":{"x":281,"y":350}},{"side":["bottom","right"],"geometry":{"x":722,"y":123}}],"Goal Post":[{"side":["bottom","right"],"geometry":{"x":842,"y":299}}],"side of ice":"right"},"Created By":"groveh@rpi.edu","Project Name":"Reference Points","Created At":"2018-08-13T17:25:25.000Z","Seconds to Label":55.857,"External ID":"frame4130.jpg","Agreement":null,"Dataset Name":"Chances","Reviews":[]},{"ID":"cjksjv08p99cq0704z13uqxjw","Labeled Data":"https://firebasestorage.googleapis.com/v0/b/labelbox-193903.appspot.com/o/cjiq5eg9ue3g20749oeam9uw8%2Fb217a2cf-0e9b-4ea1-913f-d91034576777%2Fframe4100.jpg?alt=media&token=d1a1bf25-92ec-4268-8d6e-c61b4b1d73a6","Label":{"Goal Line":[{"side":"right","geometry":{"x":439,"y":443}}],"Zone Faceoff Dot":[{"side":["right","top"],"geometry":{"x":280,"y":342}},{"side":["right","bottom"],"geometry":{"x":721,"y":116}}],"Goal Post":[{"side":["bottom","right"],"geometry":{"x":842,"y":291}}],"side of ice":"right"},"Created By":"groveh@rpi.edu","Project Name":"Reference Points","Created At":"2018-08-13T17:26:17.000Z","Seconds to Label":52.236,"External ID":"frame4100.jpg","Agreement":null,"Dataset Name":"Chances","Reviews":[]},{"ID":"cjktto9a3h84v07047pt2blpp","Labeled Data":"https://firebasestorage.googleapis.com/v0/b/labelbox-193903.appspot.com/o/cjiq5eg9ue3g20749oeam9uw8%2Fb217a2cf-0e9b-4ea1-913f-d91034576777%2Fframe4070.jpg?alt=media&token=8fd4b18f-551f-46e2-bf41-5222777bb7b2","Label":{"Goal Line":[{"side":"right","geometry":{"x":423,"y":442}}],"Zone Faceoff Dot":[{"side":["right","top"],"geometry":{"x":261,"y":340}},{"side":["right","bottom"],"geometry":{"x":709,"y":112}}],"Goal Post":[{"side":["bottom","right"],"geometry":{"x":830,"y":290}}],"side of ice":"right"},"Created By":"groveh@rpi.edu","Project Name":"Reference Points","Created At":"2018-08-14T14:48:44.000Z","Seconds to Label":69.623,"External ID":"frame4070.jpg","Agreement":null,"Dataset Name":"Chances","Reviews":[]},{"ID":"cjkttpqq4h8pw0704cc761vzx","Labeled Data":"https://firebasestorage.googleapis.com/v0/b/labelbox-193903.appspot.com/o/cjiq5eg9ue3g20749oeam9uw8%2Fb217a2cf-0e9b-4ea1-913f-d91034576777%2Fframe4040.jpg?alt=media&token=f02b046f-3f93-4b4b-aa1a-a05bd9dac9c9","Label":{"Goal Line":[{"side":"right","geometry":{"x":370,"y":447}}],"Zone Faceoff Dot":[{"side":["right","top"],"geometry":{"x":202,"y":340}},{"side":["right","bottom"],"geometry":{"x":668,"y":108}}],"Goal Post":[{"side":["right","bottom"],"geometry":{"x":791,"y":292}}],"side of ice":"right"},"Created By":"groveh@rpi.edu","Project Name":"Reference Points","Created At":"2018-08-14T14:49:54.000Z","Seconds to Label":69.242,"External ID":"frame4040.jpg","Agreement":null,"Dataset Name":"Chances","Reviews":[]},{"ID":"cjkttquc2f8h40784ue9p4arh","Labeled Data":"https://firebasestorage.googleapis.com/v0/b/labelbox-193903.appspot.com/o/cjiq5eg9ue3g20749oeam9uw8%2Fb217a2cf-0e9b-4ea1-913f-d91034576777%2Fframe4010.jpg?alt=media&token=de578e4e-baa5-4f4a-b605-0a8c21cf8a37","Label":{"Goal Line":[{"side":"right","geometry":{"x":332,"y":453}}],"Zone Faceoff Dot":[{"side":["right","top"],"geometry":{"x":162,"y":346}},{"side":["bottom","right"],"geometry":{"x":634,"y":115}}],"Goal Post":[{"side":["bottom","right"],"geometry":{"x":756,"y":300}}],"side of ice":"right"},"Created By":"groveh@rpi.edu","Project Name":"Reference Points","Created At":"2018-08-14T14:50:45.000Z","Seconds to Label":51.282,"External ID":"frame4010.jpg","Agreement":null,"Dataset Name":"Chances","Reviews":[]},{"ID":"cjkttrr7hh9dl0704e4rs4typ","Labeled Data":"https://firebasestorage.googleapis.com/v0/b/labelbox-193903.appspot.com/o/cjiq5eg9ue3g20749oeam9uw8%2Fb217a2cf-0e9b-4ea1-913f-d91034576777%2Fframe3980.jpg?alt=media&token=95ee3ca3-b416-4b2c-9308-92bd41b0f8a5","Label":{"Zone Faceoff Dot":[{"side":["right","top"],"geometry":{"x":105,"y":356}},{"side":["right","bottom"],"geometry":{"x":582,"y":127}}],"Goal Line":[{"side":"right","geometry":{"x":278,"y":465}}],"Goal Post":[{"side":["right","bottom"],"geometry":{"x":705,"y":312}}],"side of ice":"right"},"Created By":"groveh@rpi.edu","Project Name":"Reference Points","Created At":"2018-08-14T14:51:28.000Z","Seconds to Label":42.536,"External ID":"frame3980.jpg","Agreement":null,"Dataset Name":"Chances","Reviews":[]},{"ID":"cjkttsqpih9mk0704qbtqu73n","Labeled Data":"https://firebasestorage.googleapis.com/v0/b/labelbox-193903.appspot.com/o/cjiq5eg9ue3g20749oeam9uw8%2Fb217a2cf-0e9b-4ea1-913f-d91034576777%2Fframe3950.jpg?alt=media&token=bc83928a-9d67-4e54-b91d-b0c8ceab3586","Label":{"Zone Faceoff Dot":[{"side":["top","right"],"geometry":{"x":57,"y":373}},{"side":["bottom","right"],"geometry":{"x":537,"y":146}}],"Goal Line":[{"side":"right","geometry":{"x":230,"y":483}}],"Goal Post":[{"side":["top","right"],"geometry":{"x":587,"y":356}},{"side":["bottom","right"],"geometry":{"x":660,"y":331}}],"side of ice":"right"},"Created By":"groveh@rpi.edu","Project Name":"Reference Points","Created At":"2018-08-14T14:52:14.000Z","Seconds to Label":46.177,"External ID":"frame3950.jpg","Agreement":null,"Dataset Name":"Chances","Reviews":[]},{"ID":"cjktttpkrf95w0784wi8mtfeu","Labeled Data":"https://firebasestorage.googleapis.com/v0/b/labelbox-193903.appspot.com/o/cjiq5eg9ue3g20749oeam9uw8%2Fb217a2cf-0e9b-4ea1-913f-d91034576777%2Fframe3920.jpg?alt=media&token=d21639cf-9ed3-44a5-ad35-25360603282a","Label":{"Zone Faceoff Dot":[{"side":["top","right"],"geometry":{"x":57,"y":392}},{"side":["bottom","right"],"geometry":{"x":532,"y":167}}],"Goal Line":[{"side":"right","geometry":{"x":228,"y":500}}],"Goal Post":[{"side":["bottom","right"],"geometry":{"x":654,"y":349}}],"side of ice":"right"},"Created By":"groveh@rpi.edu","Project Name":"Reference Points","Created At":"2018-08-14T14:52:59.000Z","Seconds to Label":45.058,"External ID":"frame3920.jpg","Agreement":null,"Dataset Name":"Chances","Reviews":[]},{"ID":"cjkttuo1gf9kp0784s95kr7tx","Labeled Data":"https://firebasestorage.googleapis.com/v0/b/labelbox-193903.appspot.com/o/cjiq5eg9ue3g20749oeam9uw8%2Fb217a2cf-0e9b-4ea1-913f-d91034576777%2Fframe3890.jpg?alt=media&token=29719647-977e-4b93-bce0-c5387bf7fd2a","Label":{"Goal Line":[{"side":"right","geometry":{"x":237,"y":503}}],"Zone Faceoff Dot":[{"side":["top","right"],"geometry":{"x":71,"y":398}},{"side":["bottom","right"],"geometry":{"x":533,"y":180}}],"Goal Post":[{"side":["bottom","right"],"geometry":{"x":650,"y":357}}],"side of ice":"right"},"Created By":"groveh@rpi.edu","Project Name":"Reference Points","Created At":"2018-08-14T14:53:43.000Z","Seconds to Label":44.784,"External ID":"frame3890.jpg","Agreement":null,"Dataset Name":"Chances","Reviews":[]},{"ID":"cjkttvff4f9s407847cgoabee","Labeled Data":"https://firebasestorage.googleapis.com/v0/b/labelbox-193903.appspot.com/o/cjiq5eg9ue3g20749oeam9uw8%2Fb217a2cf-0e9b-4ea1-913f-d91034576777%2Fframe3860.jpg?alt=media&token=a25c953c-bfc4-4997-8718-b4b6de6f5c91","Label":{"Goal Line":[{"side":"right","geometry":{"x":234,"y":504}}],"Zone Faceoff Dot":[{"side":["top","right"],"geometry":{"x":68,"y":398}},{"side":["bottom","right"],"geometry":{"x":530,"y":180}}],"Goal Post":[{"side":["bottom","right"],"geometry":{"x":648,"y":358}}],"side of ice":"right"},"Created By":"groveh@rpi.edu","Project Name":"Reference Points","Created At":"2018-08-14T14:54:19.000Z","Seconds to Label":35.306,"External ID":"frame3860.jpg","Agreement":null,"Dataset Name":"Chances","Reviews":[]},{"ID":"cjkttwtm0fa790784zg367bwc","Labeled Data":"https://firebasestorage.googleapis.com/v0/b/labelbox-193903.appspot.com/o/cjiq5eg9ue3g20749oeam9uw8%2Fb217a2cf-0e9b-4ea1-913f-d91034576777%2Fframe3830.jpg?alt=media&token=b89d3720-e08d-4fe6-abba-549266603df8","Label":{"Goal Line":[{"side":"right","geometry":{"x":226,"y":502}}],"Zone Faceoff Dot":[{"side":["right","top"],"geometry":{"x":61,"y":397}},{"side":["right","bottom"],"geometry":{"x":524,"y":180}}],"Goal Post":[{"side":["right","top"],"geometry":{"x":570,"y":382}}],"side of ice":"right"},"Created By":"groveh@rpi.edu","Project Name":"Reference Points","Created At":"2018-08-14T14:55:24.000Z","Seconds to Label":65.155,"External ID":"frame3830.jpg","Agreement":null,"Dataset Name":"Chances","Reviews":[]},{"ID":"cjktty9byfas70784beqk5h7v","Labeled Data":"https://firebasestorage.googleapis.com/v0/b/labelbox-193903.appspot.com/o/cjiq5eg9ue3g20749oeam9uw8%2Fb217a2cf-0e9b-4ea1-913f-d91034576777%2Fframe3800.jpg?alt=media&token=d8ac9b64-c4c4-4f7c-a7fd-02a9f47c5331","Label":{"Goal Line":[{"side":"right","geometry":{"x":240,"y":497}}],"Zone Faceoff Dot":[{"side":["top","right"],"geometry":{"x":74,"y":392}},{"side":["right","bottom"],"geometry":{"x":537,"y":174}}],"Goal Post":[{"side":["bottom","right"],"geometry":{"x":653,"y":352}}],"side of ice":"right"},"Created By":"groveh@rpi.edu","Project Name":"Reference Points","Created At":"2018-08-14T14:56:31.000Z","Seconds to Label":66.947,"External ID":"frame3800.jpg","Agreement":null,"Dataset Name":"Chances","Reviews":[]},{"ID":"cjkttzdcefb600784fagqydfm","Labeled Data":"https://firebasestorage.googleapis.com/v0/b/labelbox-193903.appspot.com/o/cjiq5eg9ue3g20749oeam9uw8%2Fb217a2cf-0e9b-4ea1-913f-d91034576777%2Fframe3770.jpg?alt=media&token=a7acdbd1-e536-44b1-bcbf-5903b1e4d639","Label":{"Goal Line":[{"side":"right","geometry":{"x":263,"y":485}}],"Zone Faceoff Dot":[{"side":["top","right"],"geometry":{"x":97,"y":380}},{"side":["bottom","right"],"geometry":{"x":559,"y":160}}],"Goal Post":[{"side":["bottom","right"],"geometry":{"x":677,"y":338}}],"side of ice":"right"},"Created By":"groveh@rpi.edu","Project Name":"Reference Points","Created At":"2018-08-14T14:57:23.000Z","Seconds to Label":51.707,"External ID":"frame3770.jpg","Agreement":null,"Dataset Name":"Chances","Reviews":[]},{"ID":"cjktu04wbfbdx07847g9ipmej","Labeled Data":"https://firebasestorage.googleapis.com/v0/b/labelbox-193903.appspot.com/o/cjiq5eg9ue3g20749oeam9uw8%2Fb217a2cf-0e9b-4ea1-913f-d91034576777%2Fframe3740.jpg?alt=media&token=d835444d-7f55-4517-b02c-e57d4a02170c","Label":{"Goal Post":[{"side":["bottom","right"],"geometry":{"x":702,"y":320}}],"Goal Line":[{"side":"right","geometry":{"x":267,"y":475}}],"Zone Faceoff Dot":[{"side":["top","right"],"geometry":{"x":94,"y":364}},{"side":["right","bottom"],"geometry":{"x":577,"y":131}}],"side of ice":"right"},"Created By":"groveh@rpi.edu","Project Name":"Reference Points","Created At":"2018-08-14T14:57:59.000Z","Seconds to Label":35.765,"External ID":"frame3740.jpg","Agreement":null,"Dataset Name":"Chances","Reviews":[]},{"ID":"cjktu0xv5hc9d0704q0ikws5g","Labeled Data":"https://firebasestorage.googleapis.com/v0/b/labelbox-193903.appspot.com/o/cjiq5eg9ue3g20749oeam9uw8%2Fb217a2cf-0e9b-4ea1-913f-d91034576777%2Fframe3710.jpg?alt=media&token=ffbb875b-fbba-4cba-917d-d61b5316a184","Label":{"Goal Line":[{"side":"right","geometry":{"x":296,"y":471}}],"Zone Faceoff Dot":[{"side":["top","right"],"geometry":{"x":109,"y":353}},{"side":["right","bottom"],"geometry":{"x":625,"y":99}}],"side of ice":"right"},"Created By":"groveh@rpi.edu","Project Name":"Reference Points","Created At":"2018-08-14T14:58:36.000Z","Seconds to Label":37.66,"External ID":"frame3710.jpg","Agreement":null,"Dataset Name":"Chances","Reviews":[]},{"ID":"cjktu1sq8fbue0784xk6z2pre","Labeled Data":"https://firebasestorage.googleapis.com/v0/b/labelbox-193903.appspot.com/o/cjiq5eg9ue3g20749oeam9uw8%2Fb217a2cf-0e9b-4ea1-913f-d91034576777%2Fframe3680.jpg?alt=media&token=4c8a2b49-874f-4090-8994-923838060669","Label":{"Goal Line":[{"side":"right","geometry":{"x":485,"y":474}}],"Zone Faceoff Dot":[{"side":["top","right"],"geometry":{"x":298,"y":356}},{"side":["right","bottom"],"geometry":{"x":823,"y":80}}],"Goal Post":[{"side":["bottom","right"],"geometry":{"x":970,"y":288}}],"side of ice":"right"},"Created By":"groveh@rpi.edu","Project Name":"Reference Points","Created At":"2018-08-14T14:59:16.000Z","Seconds to Label":39.949,"External ID":"frame3680.jpg","Agreement":null,"Dataset Name":"Chances","Reviews":[]},{"ID":"cjktu35zzhcs107046s6uhro9","Labeled Data":"https://firebasestorage.googleapis.com/v0/b/labelbox-193903.appspot.com/o/cjiq5eg9ue3g20749oeam9uw8%2Fb217a2cf-0e9b-4ea1-913f-d91034576777%2Fframe3650.jpg?alt=media&token=61e53169-e1fc-4268-8832-aabb84285fcf","Label":{"Goal Line":[{"side":"right","geometry":{"x":740,"y":473}}],"Zone Faceoff Dot":[{"side":["right","top"],"geometry":{"x":551,"y":360}},{"side":["right","bottom"],"geometry":{"x":1079,"y":66}}],"Goal Post":[{"side":["right","bottom"],"geometry":{"x":1238,"y":276}}],"Inner Hash Mark":[{"side":["top","right","hash-left"],"geometry":{"x":628,"y":277}},{"side":["top","right","hash-right"],"geometry":{"x":748,"y":292}},{"side":["hash-right","bottom","right"],"geometry":{"x":926,"y":199}},{"side":["hash-left","bottom","right"],"geometry":{"x":790,"y":181}}],"side of ice":"right"},"Created By":"groveh@rpi.edu","Project Name":"Reference Points","Created At":"2018-08-14T15:00:20.000Z","Seconds to Label":63.876,"External ID":"frame3650.jpg","Agreement":null,"Dataset Name":"Chances","Reviews":[]},{"ID":"cjktu7dbdhe5f0704dlweiq05","Labeled Data":"https://firebasestorage.googleapis.com/v0/b/labelbox-193903.appspot.com/o/cjiq5eg9ue3g20749oeam9uw8%2Fb217a2cf-0e9b-4ea1-913f-d91034576777%2Fframe3620.jpg?alt=media&token=b8c15f6d-c97d-49e1-9305-0ee8c18db8cd","Label":{"Goal Line":[{"side":"right","geometry":{"x":917,"y":468}}],"Zone Faceoff Dot":[{"side":["right","top"],"geometry":{"x":724,"y":356}},{"side":["right","bottom"],"geometry":{"x":1256,"y":51}}],"Inner Hash Mark":[{"side":["right","top","hash-right"],"geometry":{"x":921,"y":285}},{"side":["hash-left","right","top"],"geometry":{"x":796,"y":273}},{"side":["hash-left","right","bottom"],"geometry":{"x":959,"y":173}},{"side":["hash-right","right","bottom"],"geometry":{"x":1100,"y":189}}],"side of ice":"right"},"Created By":"groveh@rpi.edu","Project Name":"Reference Points","Created At":"2018-08-14T15:03:36.000Z","Seconds to Label":121.131,"External ID":"frame3620.jpg","Agreement":null,"Dataset Name":"Chances","Reviews":[]},{"ID":"cjktumx41hjnd07043xakn01o","Labeled Data":"https://firebasestorage.googleapis.com/v0/b/labelbox-193903.appspot.com/o/cjiq5eg9ue3g20749oeam9uw8%2Fb217a2cf-0e9b-4ea1-913f-d91034576777%2Fframe3590.jpg?alt=media&token=8575201a-2019-4942-9b16-52b3b26ed652","Label":{"Inner Hash Mark":[{"side":["bottom","right","hash-left"],"geometry":{"x":796,"y":179}},{"side":["top","right","hash-right"],"geometry":{"x":758,"y":286}},{"side":["hash-left","top","right"],"geometry":{"x":638,"y":272}},{"side":["hash-right","right","bottom"],"geometry":{"x":928,"y":196}}],"Zone Faceoff Dot":[{"side":["top","right"],"geometry":{"x":566,"y":353}},{"side":["right","bottom"],"geometry":{"x":1078,"y":67}}],"Goal Post":[{"side":["right","bottom"],"geometry":{"x":1238,"y":273}}],"Goal Line":[{"side":"right","geometry":{"x":755,"y":466}}],"side of ice":"right"},"Created By":"groveh@rpi.edu","Project Name":"Reference Points","Created At":"2018-08-14T15:15:42.000Z","Seconds to Label":134.06,"External ID":"frame3590.jpg","Agreement":null,"Dataset Name":"Chances","Reviews":[]},{"ID":"cjktuq2nnfjwb07844kdam2wh","Labeled Data":"https://firebasestorage.googleapis.com/v0/b/labelbox-193903.appspot.com/o/cjiq5eg9ue3g20749oeam9uw8%2Fb217a2cf-0e9b-4ea1-913f-d91034576777%2Fframe3560.jpg?alt=media&token=38852fe1-8ff7-45d0-b273-baea8472fd05","Label":{"Blue Line":[{"side":"right","geometry":{"x":75,"y":418}}],"Neutral Faceoff Dot":[{"side":["right","top"],"geometry":{"x":4,"y":328}},{"side":["right","bottom"],"geometry":{"x":66,"y":13}}],"Goal Line":[{"side":"right","geometry":{"x":913,"y":475}}],"Zone Faceoff Dot":[{"side":["right","top"],"geometry":{"x":765,"y":392}},{"side":["bottom","right"],"geometry":{"x":1161,"y":159}}],"Goal Post":[{"side":["top","right"],"geometry":{"x":1226,"y":346}}],"Inner Hash Mark":[{"side":["hash-right","top","right"],"geometry":{"x":911,"y":337}},{"side":["right","top","hash-left"],"geometry":{"x":818,"y":328}},{"side":["hash-left","bottom","right"],"geometry":{"x":936,"y":252}},{"side":["hash-right","bottom","right"],"geometry":{"x":1045,"y":263}}],"side of ice":"right"},"Created By":"groveh@rpi.edu","Project Name":"Reference Points","Created At":"2018-08-14T15:18:09.000Z","Seconds to Label":147.11,"External ID":"frame3560.jpg","Agreement":null,"Dataset Name":"Chances","Reviews":[]},{"ID":"cjkturuw8fkne0784hn11k386","Labeled Data":"https://firebasestorage.googleapis.com/v0/b/labelbox-193903.appspot.com/o/cjiq5eg9ue3g20749oeam9uw8%2Fb217a2cf-0e9b-4ea1-913f-d91034576777%2Fframe3530.jpg?alt=media&token=c98b4777-4f33-40eb-beb5-67fa1d9ae4cf","Label":{"Goal Post":[{"side":["bottom","right"],"geometry":{"x":975,"y":332}},{"side":["top","right"],"geometry":{"x":911,"y":358}}],"Goal Line":[{"side":"right","geometry":{"x":615,"y":475}}],"Zone Faceoff Dot":[{"side":["top","right"],"geometry":{"x":472,"y":388}},{"side":["right","bottom"],"geometry":{"x":859,"y":177}}],"Inner Hash Mark":[{"side":["hash-right","bottom","right"],"geometry":{"x":749,"y":272}},{"side":["hash-right","top","right"],"geometry":{"x":618,"y":339}},{"side":["hash-left","top","right"],"geometry":{"x":528,"y":327}}],"side of ice":"right"},"Created By":"groveh@rpi.edu","Project Name":"Reference Points","Created At":"2018-08-14T15:19:32.000Z","Seconds to Label":83.095,"External ID":"frame3530.jpg","Agreement":null,"Dataset Name":"Chances","Reviews":[]},{"ID":"cjktutwlbfl6o0784bij2qw9z","Labeled Data":"https://firebasestorage.googleapis.com/v0/b/labelbox-193903.appspot.com/o/cjiq5eg9ue3g20749oeam9uw8%2Fb217a2cf-0e9b-4ea1-913f-d91034576777%2Fframe3500.jpg?alt=media&token=7ed3fc79-2874-4d4d-a9d9-b0b737dc360b","Label":{"Goal Line":[{"side":"right","geometry":{"x":411,"y":475}}],"Zone Faceoff Dot":[{"side":["top","right"],"geometry":{"x":266,"y":384}},{"side":["bottom","right"],"geometry":{"x":661,"y":183}}],"Inner Hash Mark":[{"side":["hash-left","right","top"],"geometry":{"x":328,"y":322}},{"side":["hash-right","right","top"],"geometry":{"x":419,"y":337}},{"side":["hash-left","right","bottom"],"geometry":{"x":452,"y":256}},{"side":["hash-right","right","bottom"],"geometry":{"x":552,"y":273}}],"Goal Post":[{"side":["bottom","right"],"geometry":{"x":771,"y":339}}],"side of ice":"right"},"Created By":"groveh@rpi.edu","Project Name":"Reference Points","Created At":"2018-08-14T15:21:08.000Z","Seconds to Label":95.71,"External ID":"frame3500.jpg","Agreement":null,"Dataset Name":"Chances","Reviews":[]}]