[{"ID":"cjksibfes8ppx07044pcd4a24","Labeled Data":"https://firebasestorage.googleapis.com/v0/b/labelbox-193903.appspot.com/o/cjiq5eg9ue3g20749oeam9uw8%2Fb217a2cf-0e9b-4ea1-913f-d91034576777%2Fframe4970.jpg?alt=media&token=7a2165ae-7517-4a23-9f34-1a4cf308e239","Label":{"Blue Line":[{"side":"right","geometry":{"x":272,"y":432}}],"Neutral Faceoff Dot":[{"side":["right","top"],"geometry":{"x":186,"y":333}}],"Zone Faceoff Dot":[{"side":["right","top"],"geometry":{"x":1056,"y":375}}],"Goal Line":[{"side":"right","geometry":{"x":1246,"y":470}}],"side of ice":"right"},"Created By":"groveh@rpi.edu","Project Name":"Reference Points","Created At":"2018-08-13T16:43:04.000Z","Seconds to Label":110.652,"External ID":"frame4970.jpg","Agreement":null,"Dataset Name":"Chances","Reviews":[]},{"ID":"cjksieq0o7py90784u8dg2eld","Labeled Data":"https://firebasestorage.googleapis.com/v0/b/labelbox-193903.appspot.com/o/cjiq5eg9ue3g20749oeam9uw8%2Fb217a2cf-0e9b-4ea1-913f-d91034576777%2Fframe4940.jpg?alt=media&token=3255d523-7b6a-403a-809b-f3aff015b296","Label":{"Zone Faceoff Dot":[{"side":["right","top"],"geometry":{"x":838,"y":367}}],"Blue Line":[{"side":"right","geometry":{"x":0,"y":410}}],"Goal Line":[{"side":"right","geometry":{"x":1020,"y":467}}],"Center Blue Line":[{"side":"right","geometry":{"x":88,"y":149}}],"side of ice":"right"},"Created By":"groveh@rpi.edu","Project Name":"Reference Points","Created At":"2018-08-13T16:45:38.000Z","Seconds to Label":153.748,"External ID":"frame4940.jpg","Agreement":null,"Dataset Name":"Chances","Reviews":[]},{"ID":"cjksikh728tet07046fb5lxnv","Labeled Data":"https://firebasestorage.googleapis.com/v0/b/labelbox-193903.appspot.com/o/cjiq5eg9ue3g20749oeam9uw8%2Fb217a2cf-0e9b-4ea1-913f-d91034576777%2Fframe4910.jpg?alt=media&token=ddf2b39d-fcce-4892-9457-f929595858c7","Label":{"Goal Post":[{"side":["right","top"],"geometry":{"x":1153,"y":312}}],"Zone Faceoff Dot":[{"side":["top","right"],"geometry":{"x":605,"y":365}},{"side":["right","bottom"],"geometry":{"x":1077,"y":85}}],"Goal Line":[{"side":"right","geometry":{"x":782,"y":468}}],"side of ice":"right"},"Created By":"groveh@rpi.edu","Project Name":"Reference Points","Created At":"2018-08-13T16:50:06.000Z","Seconds to Label":23.122,"External ID":"frame4910.jpg","Agreement":null,"Dataset Name":"Chances","Reviews":[]},{"ID":"cjksimvpv7st8078444dm2cdx","Labeled Data":"https://firebasestorage.googleapis.com/v0/b/labelbox-193903.appspot.com/o/cjiq5eg9ue3g20749oeam9uw8%2Fb217a2cf-0e9b-4ea1-913f-d91034576777%2Fframe4880.jpg?alt=media&token=6e6c86bd-c310-4915-8572-43abd4a99cc6","Label":{"Goal Line":[{"side":"right","geometry":{"x":566,"y":468}}],"Goal Post":[{"side":["right","top"],"geometry":{"x":941,"y":314}},{"side":["right","bottom"],"geometry":{"x":1022,"y":282}}],"Zone Faceoff Dot":[{"side":["right","bottom"],"geometry":{"x":873,"y":83}},{"side":["right","top"],"geometry":{"x":383,"y":358}}],"side of ice":"right"},"Created By":"groveh@rpi.edu","Project Name":"Reference Points","Created At":"2018-08-13T16:51:58.000Z","Seconds to Label":68.371,"External ID":"frame4880.jpg","Agreement":null,"Dataset Name":"Chances","Reviews":[]},{"ID":"cjksiog3t7tcu0784agh6unoc","Labeled Data":"https://firebasestorage.googleapis.com/v0/b/labelbox-193903.appspot.com/o/cjiq5eg9ue3g20749oeam9uw8%2Fb217a2cf-0e9b-4ea1-913f-d91034576777%2Fframe4850.jpg?alt=media&token=ec22cd45-6b37-4a14-8255-7dd584def5a0","Label":{"Goal Line":[{"side":"right","geometry":{"x":358,"y":464}}],"Goal Post":[{"side":["top","right"],"geometry":{"x":757,"y":307}},{"side":["bottom","right"],"geometry":{"x":841,"y":275}}],"Zone Faceoff Dot":[{"side":["right","top"],"geometry":{"x":161,"y":342}},{"side":["right","bottom"],"geometry":{"x":689,"y":63}}],"side of ice":"right"},"Created By":"groveh@rpi.edu","Project Name":"Reference Points","Created At":"2018-08-13T16:53:11.000Z","Seconds to Label":64.376,"External ID":"frame4850.jpg","Agreement":null,"Dataset Name":"Chances","Reviews":[]},{"ID":"cjksipq2p8vfh0704aark22i9","Labeled Data":"https://firebasestorage.googleapis.com/v0/b/labelbox-193903.appspot.com/o/cjiq5eg9ue3g20749oeam9uw8%2Fb217a2cf-0e9b-4ea1-913f-d91034576777%2Fframe4820.jpg?alt=media&token=9df6ff11-4edc-4b62-aa1e-559bde258eb4","Label":{"Goal Post":[{"side":["right","top"],"geometry":{"x":674,"y":303}},{"side":["right","bottom"],"geometry":{"x":758,"y":271}}],"Zone Faceoff Dot":[{"side":["right","bottom"],"geometry":{"x":608,"y":55}},{"side":["right","top"],"geometry":{"x":63,"y":334}}],"Goal Line":[{"side":"right","geometry":{"x":267,"y":459}}],"side of ice":"right"},"Created By":"groveh@rpi.edu","Project Name":"Reference Points","Created At":"2018-08-13T16:54:11.000Z","Seconds to Label":59.488,"External ID":"frame4820.jpg","Agreement":null,"Dataset Name":"Chances","Reviews":[]},{"ID":"cjksiqw908vtp0704335gxbwe","Labeled Data":"https://firebasestorage.googleapis.com/v0/b/labelbox-193903.appspot.com/o/cjiq5eg9ue3g20749oeam9uw8%2Fb217a2cf-0e9b-4ea1-913f-d91034576777%2Fframe4790.jpg?alt=media&token=d26ae8e0-08fa-4f87-8bd9-0d2e0db17ecd","Label":{"Zone Faceoff Dot":[{"side":["right","top"],"geometry":{"x":30,"y":334}},{"side":["right","bottom"],"geometry":{"x":581,"y":57}}],"Goal Line":[{"side":"right","geometry":{"x":234,"y":460}}],"Goal Post":[{"side":["top","right"],"geometry":{"x":644,"y":306}},{"side":["bottom","right"],"geometry":{"x":727,"y":274}}],"side of ice":"right"},"Created By":"groveh@rpi.edu","Project Name":"Reference Points","Created At":"2018-08-13T16:55:06.000Z","Seconds to Label":54.725,"External ID":"frame4790.jpg","Agreement":null,"Dataset Name":"Chances","Reviews":[]},{"ID":"cjksisrc07v0u07840bugcwez","Labeled Data":"https://firebasestorage.googleapis.com/v0/b/labelbox-193903.appspot.com/o/cjiq5eg9ue3g20749oeam9uw8%2Fb217a2cf-0e9b-4ea1-913f-d91034576777%2Fframe4760.jpg?alt=media&token=7c5a6945-cd8f-4f2f-8c60-1aa1473fba4b","Label":{"Goal Post":[{"side":["top","right"],"geometry":{"x":903,"y":303}},{"side":["bottom","right"],"geometry":{"x":988,"y":268}}],"Zone Faceoff Dot":[{"side":["right","bottom"],"geometry":{"x":837,"y":53}},{"side":["top","right"],"geometry":{"x":307,"y":345}}],"Goal Line":[{"side":"right","geometry":{"x":498,"y":464}}],"side of ice":"right"},"Created By":"groveh@rpi.edu","Project Name":"Reference Points","Created At":"2018-08-13T16:56:32.000Z","Seconds to Label":86.973,"External ID":"frame4760.jpg","Agreement":null,"Dataset Name":"Chances","Reviews":[]},{"ID":"cjksitqqm7vem0784ckso8wf6","Labeled Data":"https://firebasestorage.googleapis.com/v0/b/labelbox-193903.appspot.com/o/cjiq5eg9ue3g20749oeam9uw8%2Fb217a2cf-0e9b-4ea1-913f-d91034576777%2Fframe4730.jpg?alt=media&token=f8f39116-7fdd-47fa-89e5-938d51be3061","Label":{"Goal Line":[{"side":"right","geometry":{"x":682,"y":456}}],"Zone Faceoff Dot":[{"side":["top","right"],"geometry":{"x":491,"y":341}},{"side":["bottom","right"],"geometry":{"x":1011,"y":44}}],"Goal Post":[{"side":["bottom","right"],"geometry":{"x":1172,"y":253}}],"side of ice":"right"},"Created By":"groveh@rpi.edu","Project Name":"Reference Points","Created At":"2018-08-13T16:57:18.000Z","Seconds to Label":45.857,"External ID":"frame4730.jpg","Agreement":null,"Dataset Name":"Chances","Reviews":[]},{"ID":"cjksj2s0r7z7i0784wz5aada2","Labeled Data":"https://firebasestorage.googleapis.com/v0/b/labelbox-193903.appspot.com/o/cjiq5eg9ue3g20749oeam9uw8%2Fb217a2cf-0e9b-4ea1-913f-d91034576777%2Fframe4700.jpg?alt=media&token=1fe1d5f7-10cf-4c02-b05c-4d472dd25f4f","Label":{"Zone Faceoff Dot":[{"side":["top","right"],"geometry":{"x":572,"y":335}},{"side":["bottom","right"],"geometry":{"x":1088,"y":34}}],"Goal Post":[{"side":["bottom","right"],"geometry":{"x":1252,"y":242}}],"Goal Line":[{"side":"right","geometry":{"x":762,"y":447}}],"side of ice":"right"},"Created By":"groveh@rpi.edu","Project Name":"Reference Points","Created At":"2018-08-13T17:04:20.000Z","Seconds to Label":46.987,"External ID":"frame4700.jpg","Agreement":null,"Dataset Name":"Chances","Reviews":[]},{"ID":"cjksj433l7zif0784ciw9b901","Labeled Data":"https://firebasestorage.googleapis.com/v0/b/labelbox-193903.appspot.com/o/cjiq5eg9ue3g20749oeam9uw8%2Fb217a2cf-0e9b-4ea1-913f-d91034576777%2Fframe4670.jpg?alt=media&token=64d9d668-822b-46bc-98e4-ac0aa891ac56","Label":{"Zone Faceoff Dot":[{"side":["bottom","right"],"geometry":{"x":919,"y":53}},{"side":["right","top"],"geometry":{"x":425,"y":330}}],"Goal Post":[{"side":["right","bottom"],"geometry":{"x":1067,"y":253}}],"Goal Line":[{"side":"right","geometry":{"x":609,"y":441}}],"side of ice":"right"},"Created By":"groveh@rpi.edu","Project Name":"Reference Points","Created At":"2018-08-13T17:05:21.000Z","Seconds to Label":61.004,"External ID":"frame4670.jpg","Agreement":null,"Dataset Name":"Chances","Reviews":[]},{"ID":"cjksj68ga804v078450u8aald","Labeled Data":"https://firebasestorage.googleapis.com/v0/b/labelbox-193903.appspot.com/o/cjiq5eg9ue3g20749oeam9uw8%2Fb217a2cf-0e9b-4ea1-913f-d91034576777%2Fframe4640.jpg?alt=media&token=c8790fda-61b9-4589-85cf-276f9ea67e57","Label":{"Zone Faceoff Dot":[{"side":["top","right"],"geometry":{"x":251,"y":326}},{"side":["bottom","right"],"geometry":{"x":744,"y":60}}],"Goal Post":[{"side":["bottom","right"],"geometry":{"x":887,"y":260}}],"Goal Line":[{"side":"right","geometry":{"x":434,"y":439}}],"side of ice":"right"},"Created By":"groveh@rpi.edu","Project Name":"Reference Points","Created At":"2018-08-13T17:07:01.000Z","Seconds to Label":100.256,"External ID":"frame4640.jpg","Agreement":null,"Dataset Name":"Chances","Reviews":[]},{"ID":"cjksj7co892o20704whcifhqz","Labeled Data":"https://firebasestorage.googleapis.com/v0/b/labelbox-193903.appspot.com/o/cjiq5eg9ue3g20749oeam9uw8%2Fb217a2cf-0e9b-4ea1-913f-d91034576777%2Fframe4610.jpg?alt=media&token=b92e043b-067b-4dba-a07a-c33f6c20ef32","Label":{"Goal Line":[{"side":"right","geometry":{"x":321,"y":439}}],"Goal Post":[{"side":["bottom","right"],"geometry":{"x":777,"y":264}}],"Zone Faceoff Dot":[{"side":["right","bottom"],"geometry":{"x":639,"y":62}},{"side":["top","right"],"geometry":{"x":143,"y":323}}],"side of ice":"right"},"Created By":"groveh@rpi.edu","Project Name":"Reference Points","Created At":"2018-08-13T17:07:53.000Z","Seconds to Label":52.175,"External ID":"frame4610.jpg","Agreement":null,"Dataset Name":"Chances","Reviews":[]},{"ID":"cjksj8f7y80t307847vuh880e","Labeled Data":"https://firebasestorage.googleapis.com/v0/b/labelbox-193903.appspot.com/o/cjiq5eg9ue3g20749oeam9uw8%2Fb217a2cf-0e9b-4ea1-913f-d91034576777%2Fframe4580.jpg?alt=media&token=a1c85041-aa2b-4412-a4d6-b578bd7fe369","Label":{"Goal Line":[{"side":"right","geometry":{"x":305,"y":444}}],"Zone Faceoff Dot":[{"side":["right","top"],"geometry":{"x":119,"y":327}},{"side":["bottom","right"],"geometry":{"x":622,"y":68}}],"Goal Post":[{"side":["bottom","right"],"geometry":{"x":763,"y":269}}],"side of ice":"right"},"Created By":"groveh@rpi.edu","Project Name":"Reference Points","Created At":"2018-08-13T17:08:43.000Z","Seconds to Label":49.868,"External ID":"frame4580.jpg","Agreement":null,"Dataset Name":"Chances","Reviews":[]},{"ID":"cjksjb98393xu0704ihzkldg0","Labeled Data":"https://firebasestorage.googleapis.com/v0/b/labelbox-193903.appspot.com/o/cjiq5eg9ue3g20749oeam9uw8%2Fb217a2cf-0e9b-4ea1-913f-d91034576777%2Fframe4550.jpg?alt=media&token=8e5e2579-f877-4771-ae73-a6ae162de516","Label":{"Goal Line":[{"side":"right","geometry":{"x":323,"y":457}}],"Zone Faceoff Dot":[{"side":["right","top"],"geometry":{"x":140,"y":343}},{"side":["right","bottom"],"geometry":{"x":636,"y":87}}],"Goal Post":[{"side":["bottom","right"],"geometry":{"x":773,"y":285}}],"side of ice":"right"},"Created By":"groveh@rpi.edu","Project Name":"Reference Points","Created At":"2018-08-13T17:10:55.000Z","Seconds to Label":132.181,"External ID":"frame4550.jpg","Agreement":null,"Dataset Name":"Chances","Reviews":[]},{"ID":"cjksjccsb949g07043cp02thf","Labeled Data":"https://firebasestorage.googleapis.com/v0/b/labelbox-193903.appspot.com/o/cjiq5eg9ue3g20749oeam9uw8%2Fb217a2cf-0e9b-4ea1-913f-d91034576777%2Fframe4520.jpg?alt=media&token=a243901e-90fc-46ae-b2c5-7ba5bf27f76f","Label":{"Zone Faceoff Dot":[{"side":["right","top"],"geometry":{"x":122,"y":344}},{"side":["bottom","right"],"geometry":{"x":616,"y":90}}],"Goal Post":[{"side":["bottom","right"],"geometry":{"x":753,"y":287}},{"side":["top","right"],"geometry":{"x":676,"y":317}}],"Goal Line":[{"side":"right","geometry":{"x":305,"y":458}}],"side of ice":"right"},"Created By":"groveh@rpi.edu","Project Name":"Reference Points","Created At":"2018-08-13T17:11:47.000Z","Seconds to Label":51.161,"External ID":"frame4520.jpg","Agreement":null,"Dataset Name":"Chances","Reviews":[]},{"ID":"cjksjddyv82fl0784gts3ry0k","Labeled Data":"https://firebasestorage.googleapis.com/v0/b/labelbox-193903.appspot.com/o/cjiq5eg9ue3g20749oeam9uw8%2Fb217a2cf-0e9b-4ea1-913f-d91034576777%2Fframe4490.jpg?alt=media&token=b779a098-68ee-418e-8fbb-0ab869a37858","Label":{"Goal Line":[{"side":"right","geometry":{"x":267,"y":458}}],"Zone Faceoff Dot":[{"side":["top","right"],"geometry":{"x":82,"y":343}},{"side":["bottom","right"],"geometry":{"x":581,"y":90}}],"Goal Post":[{"side":["bottom","right"],"geometry":{"x":717,"y":288}},{"side":["right","top"],"geometry":{"x":640,"y":317}}],"side of ice":"right"},"Created By":"groveh@rpi.edu","Project Name":"Reference Points","Created At":"2018-08-13T17:12:35.000Z","Seconds to Label":48.227,"External ID":"frame4490.jpg","Agreement":null,"Dataset Name":"Chances","Reviews":[]},{"ID":"cjksjeqm882vc0784mzp0suvf","Labeled Data":"https://firebasestorage.googleapis.com/v0/b/labelbox-193903.appspot.com/o/cjiq5eg9ue3g20749oeam9uw8%2Fb217a2cf-0e9b-4ea1-913f-d91034576777%2Fframe4460.jpg?alt=media&token=a3d1789d-7356-458a-99c6-ed7f5b11502d","Label":{"Goal Line":[{"side":"right","geometry":{"x":256,"y":457}}],"Zone Faceoff Dot":[{"side":["right","top"],"geometry":{"x":71,"y":342}},{"side":["bottom","right"],"geometry":{"x":571,"y":90}}],"Goal Post":[{"side":["bottom","right"],"geometry":{"x":707,"y":288}},{"side":["top","right"],"geometry":{"x":630,"y":317}}],"side of ice":"right"},"Created By":"groveh@rpi.edu","Project Name":"Reference Points","Created At":"2018-08-13T17:13:38.000Z","Seconds to Label":62.883,"External ID":"frame4460.jpg","Agreement":null,"Dataset Name":"Chances","Reviews":[]},{"ID":"cjksjfqas95bd0704t69fef52","Labeled Data":"https://firebasestorage.googleapis.com/v0/b/labelbox-193903.appspot.com/o/cjiq5eg9ue3g20749oeam9uw8%2Fb217a2cf-0e9b-4ea1-913f-d91034576777%2Fframe4430.jpg?alt=media&token=3c2e00fe-2215-485f-bb4d-ae834e9aff63","Label":{"Goal Line":[{"side":"right","geometry":{"x":258,"y":457}}],"Zone Faceoff Dot":[{"side":["top","right"],"geometry":{"x":72,"y":342}},{"side":["right","bottom"],"geometry":{"x":572,"y":89}}],"Goal Post":[{"side":["bottom","right"],"geometry":{"x":708,"y":288}},{"side":["top","right"],"geometry":{"x":631,"y":317}}],"side of ice":"right"},"Created By":"groveh@rpi.edu","Project Name":"Reference Points","Created At":"2018-08-13T17:14:24.000Z","Seconds to Label":46.425,"External ID":"frame4430.jpg","Agreement":null,"Dataset Name":"Chances","Reviews":[]},{"ID":"cjksjgu8u95hu0704ms06nwj8","Labeled Data":"https://firebasestorage.googleapis.com/v0/b/labelbox-193903.appspot.com/o/cjiq5eg9ue3g20749oeam9uw8%2Fb217a2cf-0e9b-4ea1-913f-d91034576777%2Fframe4400.jpg?alt=media&token=da347720-f490-4c2b-a01c-bce8ae1b230c","Label":{"Goal Line":[{"side":"right","geometry":{"x":264,"y":457}}],"Zone Faceoff Dot":[{"side":["top","right"],"geometry":{"x":80,"y":342}},{"side":["right","bottom"],"geometry":{"x":580,"y":90}}],"Goal Post":[{"side":["bottom","right"],"geometry":{"x":715,"y":288}},{"side":["top","right"],"geometry":{"x":638,"y":316}}],"side of ice":"right"},"Created By":"groveh@rpi.edu","Project Name":"Reference Points","Created At":"2018-08-13T17:15:16.000Z","Seconds to Label":51.683,"External ID":"frame4400.jpg","Agreement":null,"Dataset Name":"Chances","Reviews":[]},{"ID":"cjksjhsni83gh07842qpkz49s","Labeled Data":"https://firebasestorage.googleapis.com/v0/b/labelbox-193903.appspot.com/o/cjiq5eg9ue3g20749oeam9uw8%2Fb217a2cf-0e9b-4ea1-913f-d91034576777%2Fframe4370.jpg?alt=media&token=4dd2c797-1ff0-4641-8a0a-9f555dcce0b1","Label":{"Goal Line":[{"side":"right","geometry":{"x":268,"y":457}}],"Zone Faceoff Dot":[{"side":["right","top"],"geometry":{"x":84,"y":342}},{"side":["bottom","right"],"geometry":{"x":582,"y":90}}],"Goal Post":[{"side":["top","right"],"geometry":{"x":641,"y":316}}],"side of ice":"right"},"Created By":"groveh@rpi.edu","Project Name":"Reference Points","Created At":"2018-08-13T17:16:01.000Z","Seconds to Label":44.611,"External ID":"frame4370.jpg","Agreement":null,"Dataset Name":"Chances","Reviews":[]},{"ID":"cjksjjl3q968o0704zxpnop6b","Labeled Data":"https://firebasestorage.googleapis.com/v0/b/labelbox-193903.appspot.com/o/cjiq5eg9ue3g20749oeam9uw8%2Fb217a2cf-0e9b-4ea1-913f-d91034576777%2Fframe4340.jpg?alt=media&token=2772ab09-557c-48a8-8656-80a16783e3e6","Label":{"Goal Line":[{"side":"right","geometry":{"x":269,"y":457}}],"Goal Post":[{"side":["bottom","right"],"geometry":{"x":720,"y":288}},{"side":["top","right"],"geometry":{"x":643,"y":317}}],"Zone Faceoff Dot":[{"side":["bottom","right"],"geometry":{"x":583,"y":89}}],"side of ice":"right"},"Created By":"groveh@rpi.edu","Project Name":"Reference Points","Created At":"2018-08-13T17:17:24.000Z","Seconds to Label":83.421,"External ID":"frame4340.jpg","Agreement":null,"Dataset Name":"Chances","Reviews":[]},{"ID":"cjksjkmvp96in0704oyb1gxi6","Labeled Data":"https://firebasestorage.googleapis.com/v0/b/labelbox-193903.appspot.com/o/cjiq5eg9ue3g20749oeam9uw8%2Fb217a2cf-0e9b-4ea1-913f-d91034576777%2Fframe4310.jpg?alt=media&token=34f0bd3b-a5d8-4915-9060-9667c9174df6","Label":{"Goal Line":[{"side":"right","geometry":{"x":269,"y":457}}],"Zone Faceoff Dot":[{"side":["right","top"],"geometry":{"x":84,"y":341}},{"side":["bottom","right"],"geometry":{"x":583,"y":90}}],"Goal Post":[{"side":["bottom","right"],"geometry":{"x":719,"y":288}}],"side of ice":"right"},"Created By":"groveh@rpi.edu","Project Name":"Reference Points","Created At":"2018-08-13T17:18:13.000Z","Seconds to Label":48.942,"External ID":"frame4310.jpg","Agreement":null,"Dataset Name":"Chances","Reviews":[]},{"ID":"cjksjlrkc96t70704ke9st0rq","Labeled Data":"https://firebasestorage.googleapis.com/v0/b/labelbox-193903.appspot.com/o/cjiq5eg9ue3g20749oeam9uw8%2Fb217a2cf-0e9b-4ea1-913f-d91034576777%2Fframe4280.jpg?alt=media&token=c85e08e1-add1-4719-b042-ca47baf6dbae","Label":{"Blue Line":[{"side":"right","geometry":{"x":120,"y":436}}],"Goal Line":[{"side":"right","geometry":{"x":1054,"y":494}}],"Zone Faceoff Dot":[{"side":["top","right"],"geometry":{"x":882,"y":399}}],"Neutral Faceoff Dot":[{"side":["top","right"],"geometry":{"x":36,"y":337}}],"side of ice":"right"},"Created By":"groveh@rpi.edu","Project Name":"Reference Points","Created At":"2018-08-13T17:19:06.000Z","Seconds to Label":52.754,"External ID":"frame4280.jpg","Agreement":null,"Dataset Name":"Chances","Reviews":[]},{"ID":"cjksjmsnw84o40784ghp3p9wh","Labeled Data":"https://firebasestorage.googleapis.com/v0/b/labelbox-193903.appspot.com/o/cjiq5eg9ue3g20749oeam9uw8%2Fb217a2cf-0e9b-4ea1-913f-d91034576777%2Fframe4250.jpg?alt=media&token=2eef70fc-63e7-41c2-89a0-97ba0f79aad9","Label":{"Zone Faceoff Dot":[{"side":["bottom","right"],"geometry":{"x":1091,"y":146}}],"Goal Line":[{"side":"right","geometry":{"x":813,"y":490}}],"Goal Post":[{"side":["right","top"],"geometry":{"x":1157,"y":351}},{"side":["bottom","right"],"geometry":{"x":1233,"y":321}}],"side of ice":"right"},"Created By":"groveh@rpi.edu","Project Name":"Reference Points","Created At":"2018-08-13T17:19:54.000Z","Seconds to Label":48.161,"External ID":"frame4250.jpg","Agreement":null,"Dataset Name":"Chances","Reviews":[]},{"ID":"cjksjo0g797gl0704uv6u2zux","Labeled Data":"https://firebasestorage.googleapis.com/v0/b/labelbox-193903.appspot.com/o/cjiq5eg9ue3g20749oeam9uw8%2Fb217a2cf-0e9b-4ea1-913f-d91034576777%2Fframe4220.jpg?alt=media&token=ed049be8-e4e7-4f27-b190-729e3dd84c29","Label":{"Goal Line":[{"side":"right","geometry":{"x":642,"y":483}}],"Zone Faceoff Dot":[{"side":["top","right"],"geometry":{"x":484,"y":386}},{"side":["bottom","right"],"geometry":{"x":919,"y":148}}],"Goal Post":[{"side":["top","right"],"geometry":{"x":977,"y":352}},{"side":["bottom","right"],"geometry":{"x":1049,"y":323}}],"side of ice":"right"},"Created By":"groveh@rpi.edu","Project Name":"Reference Points","Created At":"2018-08-13T17:20:51.000Z","Seconds to Label":56.658,"External ID":"frame4220.jpg","Agreement":null,"Dataset Name":"Chances","Reviews":[]},{"ID":"cjksjpbpx97xv0704fhljddq7","Labeled Data":"https://firebasestorage.googleapis.com/v0/b/labelbox-193903.appspot.com/o/cjiq5eg9ue3g20749oeam9uw8%2Fb217a2cf-0e9b-4ea1-913f-d91034576777%2Fframe4190.jpg?alt=media&token=7761ce4b-8ba5-42ed-b7e2-cd5800e286ee","Label":{"Zone Faceoff Dot":[{"side":["right","top"],"geometry":{"x":371,"y":374}},{"side":["bottom","right"],"geometry":{"x":809,"y":143}}],"Goal Line":[{"side":"right","geometry":{"x":530,"y":473}}],"Goal Post":[{"side":["right","bottom"],"geometry":{"x":934,"y":318}}],"side of ice":"right"},"Created By":"groveh@rpi.edu","Project Name":"Reference Points","Created At":"2018-08-13T17:21:52.000Z","Seconds to Label":61.282,"External ID":"frame4190.jpg","Agreement":null,"Dataset Name":"Chances","Reviews":[]},{"ID":"cjksjsor5867707844nq7soji","Labeled Data":"https://firebasestorage.googleapis.com/v0/b/labelbox-193903.appspot.com/o/cjiq5eg9ue3g20749oeam9uw8%2Fb217a2cf-0e9b-4ea1-913f-d91034576777%2Fframe4160.jpg?alt=media&token=017d3e69-866f-4df9-b0fb-ff378837880a","Label":{"Zone Faceoff Dot":[{"side":["right","top"],"geometry":{"x":295,"y":363}},{"side":["bottom","right"],"geometry":{"x":736,"y":135}}],"Goal Post":[{"side":["bottom","right"],"geometry":{"x":857,"y":311}}],"Goal Line":[{"side":"right","geometry":{"x":454,"y":463}}],"side of ice":"right"},"Created By":"groveh@rpi.edu","Project Name":"Reference Points","Created At":"2018-08-13T17:24:29.000Z","Seconds to Label":43.366,"External ID":"frame4160.jpg","Agreement":null,"Dataset Name":"Chances","Reviews":[]},{"ID":"cjksjtvug98xv0704zqdz5wjg","Labeled Data":"https://firebasestorage.googleapis.com/v0/b/labelbox-193903.appspot.com/o/cjiq5eg9ue3g20749oeam9uw8%2Fb217a2cf-0e9b-4ea1-913f-d91034576777%2Fframe4130.jpg?alt=media&token=e57f65b0-5c8f-42a4-b31a-01fa9f2f74d8","Label":{"Goal Line":[{"side":"right","geometry":{"x":439,"y":451}}],"Zone Faceoff Dot":[{"side":["right","top"],"geometry":{"x":281,"y":350}},{"side":["bottom","right"],"geometry":{"x":722,"y":123}}],"Goal Post":[{"side":["bottom","right"],"geometry":{"x":842,"y":299}}],"side of ice":"right"},"Created By":"groveh@rpi.edu","Project Name":"Reference Points","Created At":"2018-08-13T17:25:25.000Z","Seconds to Label":55.857,"External ID":"frame4130.jpg","Agreement":null,"Dataset Name":"Chances","Reviews":[]},{"ID":"cjksjv08p99cq0704z13uqxjw","Labeled Data":"https://firebasestorage.googleapis.com/v0/b/labelbox-193903.appspot.com/o/cjiq5eg9ue3g20749oeam9uw8%2Fb217a2cf-0e9b-4ea1-913f-d91034576777%2Fframe4100.jpg?alt=media&token=d1a1bf25-92ec-4268-8d6e-c61b4b1d73a6","Label":{"Goal Line":[{"side":"right","geometry":{"x":439,"y":443}}],"Zone Faceoff Dot":[{"side":["right","top"],"geometry":{"x":280,"y":342}},{"side":["right","bottom"],"geometry":{"x":721,"y":116}}],"Goal Post":[{"side":["bottom","right"],"geometry":{"x":842,"y":291}}],"side of ice":"right"},"Created By":"groveh@rpi.edu","Project Name":"Reference Points","Created At":"2018-08-13T17:26:17.000Z","Seconds to Label":52.236,"External ID":"frame4100.jpg","Agreement":null,"Dataset Name":"Chances","Reviews":[]}]